-- بيانات تجريبية لنظام إدارة دار أبي الفداء للعلوم الشرعية
-- Demo/Seed Data for Dar Abi Al-Fadaa Management System

-- إدراج مستخدمين تجريبيين - Insert demo users
-- كلمة المرور الافتراضية: password123
-- Password hash for 'password123' (bcrypt)
INSERT INTO users (username, password_hash, role, email, is_active) VALUES
('admin', '$2b$10$rOV8qGKJKqN5YqJqLZv5N.YqH3h7qPKJN5YqJqLZv5N.YqH3h7qPK', 'admin', 'admin@dar-abi-alfadaa.sy', true),
('academic', '$2b$10$rOV8qGKJKqN5YqJqLZv5N.YqH3h7qPKJN5YqJqLZv5N.YqH3h7qPK', 'academic', 'academic@dar-abi-alfadaa.sy', true),
('accounting', '$2b$10$rOV8qGKJKqN5YqJqLZv5N.YqH3h7qPKJN5YqJqLZv5N.YqH3h7qPK', 'accounting', 'accounting@dar-abi-alfadaa.sy', true);

-- إدراج طلاب تجريبيين - Insert demo students
INSERT INTO students (registration_number, name_ar, id_number, birthdate, gender, address, phone, email, guardian_name, guardian_phone, status, level, enrollment_date) VALUES
('25_01_L1_m_1', 'محمد أحمد الخطيب', '01234567890', '2000-05-15', 'ذكر', 'حي الحمراء، حماة', '0933123456', 'mohammed.khatib@email.com', 'أحمد الخطيب', '0944123456', 'نشط', 'المستوى الأول', '2024-09-01'),
('25_02_L1_m_2', 'عبد الرحمن علي السيد', '01234567891', '2001-03-20', 'ذكر', 'حي الوعر، حماة', '0933234567', 'abdulrahman.sayed@email.com', 'علي السيد', '0944234567', 'نشط', 'المستوى الأول', '2024-09-01'),
('25_03_L1_m_3', 'يوسف محمود العلي', '01234567892', '2000-08-10', 'ذكر', 'المحطة، حماة', '0933345678', 'youssef.ali@email.com', 'محمود العلي', '0944345678', 'نشط', 'المستوى الأول', '2024-09-01'),
('25_04_L1_f_1', 'فاطمة عمر الحسن', '01234567893', '2001-12-05', 'أنثى', 'حي الأنصاري، حماة', '0933456789', 'fatima.hassan@email.com', 'عمر الحسن', '0944456789', 'نشط', 'المستوى الأول', '2024-09-01'),
('25_05_L1_f_2', 'عائشة خالد المحمد', '01234567894', '2000-07-22', 'أنثى', 'حي النزهة، حماة', '0933567890', 'aisha.mohammad@email.com', 'خالد المحمد', '0944567890', 'نشط', 'المستوى الأول', '2024-09-01'),
('25_06_L2_m_1', 'عمر حسن الشامي', '01234567895', '1999-04-18', 'ذكر', 'المرابط، حماة', '0933678901', 'omar.shami@email.com', 'حسن الشامي', '0944678901', 'نشط', 'المستوى الثاني', '2023-09-01'),
('25_07_L2_m_2', 'إبراهيم مصطفى القاضي', '01234567896', '1999-11-30', 'ذكر', 'الحاضر، حماة', '0933789012', 'ibrahim.qadi@email.com', 'مصطفى القاضي', '0944789012', 'نشط', 'المستوى الثاني', '2023-09-01');

-- إدراج مدرسين تجريبيين - Insert demo teachers
INSERT INTO teachers (employee_number, name_ar, id_number, specialty, qualifications, experience_years, phone, email, hire_date, base_salary, session_rate, status) VALUES
('T001', 'الشيخ أحمد الدمشقي', '11234567890', 'علوم الحديث', 'دكتوراه في الحديث الشريف', 15, '0955123456', 'sheikh.ahmad@dar-abi-alfadaa.sy', '2010-09-01', 800000, 75000, 'نشط'),
('T002', 'الشيخ محمد العطار', '11234567891', 'التفسير والقرآن', 'ماجستير في التفسير وعلوم القرآن', 12, '0955234567', 'sheikh.mohammed@dar-abi-alfadaa.sy', '2012-09-01', 750000, 70000, 'نشط'),
('T003', 'الدكتور عبد الله الحموي', '11234567892', 'الفقه الإسلامي', 'دكتوراه في الفقه المقارن', 20, '0955345678', 'dr.abdullah@dar-abi-alfadaa.sy', '2008-09-01', 900000, 80000, 'نشط'),
('T004', 'الأستاذ يوسف الحلبي', '11234567893', 'اللغة العربية', 'ماجستير في اللغة العربية وآدابها', 10, '0955456789', 'prof.youssef@dar-abi-alfadaa.sy', '2014-09-01', 600000, 60000, 'نشط'),
('T005', 'الشيخ خالد الشامي', '11234567894', 'العقيدة والسيرة', 'إجازة في العلوم الشرعية', 8, '0955567890', 'sheikh.khaled@dar-abi-alfadaa.sy', '2016-09-01', 650000, 65000, 'نشط');

-- إدراج كتب تجريبية - Insert demo books
INSERT INTO books (title_ar, author_ar, publisher, publish_year, category, description) VALUES
('صحيح البخاري', 'الإمام محمد بن إسماعيل البخاري', 'دار طوق النجاة', 1422, 'حديث', 'أصح كتب الحديث عند أهل السنة والجماعة'),
('صحيح مسلم', 'الإمام مسلم بن الحجاج النيسابوري', 'دار الكتب العلمية', 1420, 'حديث', 'ثاني أصح كتب الحديث بعد البخاري'),
('تفسير الطبري', 'الإمام محمد بن جرير الطبري', 'دار المعارف', 1388, 'تفسير', 'جامع البيان عن تأويل آي القرآن'),
('الموطأ', 'الإمام مالك بن أنس', 'مؤسسة زايد', 1425, 'حديث', 'أول كتاب جامع للحديث'),
('السيرة النبوية', 'ابن هشام', 'دار الفكر', 1415, 'سيرة', 'سيرة الرسول صلى الله عليه وسلم'),
('الفقه على المذاهب الأربعة', 'عبد الرحمن الجزيري', 'دار الكتب العلمية', 1424, 'فقه', 'موسوعة فقهية شاملة');

-- إدراج مقررات تجريبية - Insert demo courses
INSERT INTO courses (code, name_ar, book_id, level, credit_hours, practical_hours, theoretical_hours, teacher_id, description, is_active) VALUES
('QR101', 'القرآن الكريم - المستوى الأول', NULL, 'المستوى الأول', 4, 40, 0, 2, 'حفظ وتجويد القرآن الكريم', true),
('HD101', 'علوم الحديث - المستوى الأول', 1, 'المستوى الأول', 3, 20, 40, 1, 'دراسة علوم الحديث ومصطلحاته', true),
('TF101', 'التفسير - المستوى الأول', 3, 'المستوى الأول', 3, 10, 50, 2, 'تفسير جزء عم', true),
('FQ101', 'الفقه - المستوى الأول', 6, 'المستوى الأول', 3, 15, 45, 3, 'أحكام العبادات', true),
('AR101', 'اللغة العربية - المستوى الأول', NULL, 'المستوى الأول', 2, 20, 30, 4, 'النحو والصرف الأساسي', true),
('SR101', 'السيرة النبوية', 5, 'المستوى الأول', 2, 0, 40, 5, 'دراسة سيرة الرسول صلى الله عليه وسلم', true);

-- إدراج تسجيل الطلاب في المقررات - Enroll students in courses
INSERT INTO student_courses (student_id, course_id, status) VALUES
(1, 1, 'مسجل'), (1, 2, 'مسجل'), (1, 3, 'مسجل'), (1, 4, 'مسجل'), (1, 5, 'مسجل'), (1, 6, 'مسجل'),
(2, 1, 'مسجل'), (2, 2, 'مسجل'), (2, 3, 'مسجل'), (2, 4, 'مسجل'), (2, 5, 'مسجل'), (2, 6, 'مسجل'),
(3, 1, 'مسجل'), (3, 2, 'مسجل'), (3, 3, 'مسجل'), (3, 4, 'مسجل'), (3, 5, 'مسجل'), (3, 6, 'مسجل'),
(4, 1, 'مسجل'), (4, 2, 'مسجل'), (4, 3, 'مسجل'), (4, 4, 'مسجل'), (4, 5, 'مسجل'), (4, 6, 'مسجل'),
(5, 1, 'مسجل'), (5, 2, 'مسجل'), (5, 3, 'مسجل'), (5, 4, 'مسجل'), (5, 5, 'مسجل'), (5, 6, 'مسجل');

-- إدراج جداول دراسية - Insert schedules
INSERT INTO schedules (course_id, teacher_id, day_of_week, start_time, end_time, room, is_active) VALUES
(1, 2, 0, '08:00:00', '10:00:00', 'قاعة أ', true),
(2, 1, 0, '10:15:00', '12:15:00', 'قاعة ب', true),
(3, 2, 1, '08:00:00', '10:00:00', 'قاعة أ', true),
(4, 3, 1, '10:15:00', '12:15:00', 'قاعة ج', true),
(5, 4, 2, '08:00:00', '10:00:00', 'قاعة ب', true),
(6, 5, 2, '10:15:00', '12:15:00', 'قاعة أ', true);

-- إدراج أحداث التقويم - Insert calendar events
INSERT INTO academic_calendar (title, event_date, end_date, event_type, is_holiday) VALUES
('بداية الفصل الدراسي الأول', '2024-09-01', '2024-09-01', 'أكاديمي', false),
('عيد الفطر المبارك', '2025-03-30', '2025-04-02', 'عطلة', true),
('امتحانات الفصل الأول', '2024-12-15', '2024-12-25', 'امتحان', false),
('بداية الفصل الدراسي الثاني', '2025-01-15', '2025-01-15', 'أكاديمي', false),
('عيد الأضحى المبارك', '2025-06-06', '2025-06-10', 'عطلة', true);

-- تحديث الإحصائيات - Update statistics
UPDATE system_settings SET setting_value = '7' WHERE setting_key = 'total_students';
UPDATE system_settings SET setting_value = '5' WHERE setting_key = 'total_teachers';
UPDATE system_settings SET setting_value = '6' WHERE setting_key = 'total_courses';
